Year,NAME,TEAM,POS,CUSH,SEP,TAY,TAY%,REC,TAR,CTCH%,YDS,TD,YAC/R,xYAC/R,+/-
2016,Tyreek Hill,KC,WR,7.8,3.5,7.9,16.71,61,83,73.49,599,6,4.7,5.3,-0.7
2016,Richard Rodgers,GB,TE,7.6,2.7,8.4,6.88,30,47,63.83,271,2,3.3,3.3,0.1
2016,Travis Benjamin,LAC,WR,7.6,3,13.3,19.54,47,75,62.67,677,4,5.7,5,0.7
2016,Cordarrelle Patterson,MIN,WR,7.5,3.2,5.6,9.53,52,70,74.29,453,2,6.3,5.6,0.7
2016,DeSean Jackson,WAS,WR,7.3,2.9,16,28.09,56,100,56,1005,4,4.9,5.1,-0.2
2016,Albert Wilson,KC,WR,7.2,3.5,7.7,10.08,31,51,60.78,279,2,5.2,5.2,0
2016,Brandin Cooks,NO,WR,7.1,2.8,13.4,30.87,78,117,66.67,1173,8,4.6,4.1,0.5
2016,Rishard Matthews,TEN,WR,7.1,2.2,13.5,29.93,65,108,60.19,945,9,3.9,4,-0.1
2016,Taylor Gabriel,ATL,WR,7.1,3.2,11.2,11.64,35,50,70,579,6,7.9,6.4,1.5
2016,Phillip Dorsett,IND,WR,7.1,2.9,13.8,15.6,33,59,55.93,528,2,4.3,4.7,-0.3
2016,Chris Conley,KC,WR,7.1,2.9,10.6,18.68,44,69,63.77,530,0,3,4,-1
2016,Tavon Austin,LAR,WR,7,3.2,7.5,18.75,58,106,54.72,509,3,4.6,4.7,-0.2
2016,Tyler Lockett,SEA,WR,6.8,3.4,10.8,13.76,41,66,62.12,597,1,5.3,5.6,-0.2
2016,Ted Ginn,CAR,WR,6.8,3,13.4,20.93,54,95,56.84,752,4,3.4,4.1,-0.7
2016,Sammie Coates,PIT,WR,6.8,2.5,22,19.28,21,49,42.86,435,2,5.7,6.3,-0.5
2016,Jamison Crowder,WAS,WR,6.7,3.6,8.7,15.01,67,99,67.68,847,7,5.6,5.7,-0.1
2016,Cole Beasley,DAL,WR,6.7,3.4,6.8,15.97,75,98,76.53,833,5,5,5.2,-0.2
2016,Doug Baldwin,SEA,WR,6.6,3.1,9.4,22.77,94,125,75.2,1128,7,4.9,5.1,-0.2
2016,Brian Quick,LAR,WR,6.5,2.2,12.3,22.14,41,77,53.25,564,3,4,2.9,1.1
2016,Allen Hurns,JAX,WR,6.5,2.5,10.8,14.98,35,76,46.05,477,3,6,6.2,-0.2
2016,Marquise Goodwin,BUF,WR,6.5,2.8,15.8,22.87,29,68,42.65,413,3,2.3,2.3,0.1
2016,Quincy Enunwa,NYJ,WR,6.5,2.4,9.7,19.33,58,105,55.24,857,4,6.2,5.8,0.4
2016,Jeremy Kerley,SF,WR,6.5,3.1,9.2,24.8,64,115,55.65,667,3,3.2,4.8,-1.7
2016,Adam Humphries,TB,WR,6.5,3.4,5.7,7.79,55,83,66.27,622,2,7.2,6.4,0.7
2016,Steve Smith,BAL,WR,6.5,2.7,9.1,17.49,70,101,69.31,799,5,3.8,3.2,0.7
2016,Larry Fitzgerald,ARI,WR,6.5,2.4,8,18.06,107,150,71.33,1023,6,3.4,3.6,-0.2
2016,Kenny Stills,MIA,WR,6.5,2.5,15.3,31.58,42,81,51.85,726,9,4.2,3.8,0.4
2016,Delanie Walker,TEN,TE,6.4,2.9,10.1,21.08,65,102,63.73,800,7,4,4.1,-0.1
2016,Tajae Sharpe,TEN,WR,6.4,2.1,13.8,23.42,41,83,49.4,522,2,2.1,2.5,-0.4
2016,Quinton Patton,SF,WR,6.4,3.2,9.9,14.68,37,63,58.73,408,0,5.4,5.6,-0.2
2016,Julian Edelman,NE,WR,6.4,2.7,9.5,33.83,98,159,61.64,1106,3,4.9,4.7,0.2
2016,Kyle Rudolph,MIN,TE,6.3,2.9,7.3,23.43,83,132,62.88,840,7,4.4,5.3,-0.9
2016,Zach Ertz,PHI,TE,6.3,3.2,8.4,18.38,78,106,73.58,816,4,3.4,4,-0.6
2016,Torrey Smith,SF,WR,6.3,2.3,13.8,15.94,20,49,40.82,267,3,2.8,3.8,-1
2016,Vernon Davis,WAS,TE,6.3,3.2,9.7,10.05,44,59,74.58,581,2,5.2,5.9,-0.6
2016,Marqise Lee,JAX,WR,6.3,2.6,11.9,22.8,63,105,60,851,3,5.5,5.4,0.1
2016,Robert Woods,BUF,WR,6.2,3.5,11.2,18.05,51,76,67.11,613,1,2.7,3.6,-0.9
2016,Nelson Agholor,PHI,WR,6.2,2.3,11.4,16.26,36,69,52.17,365,2,3,3.3,-0.3
2016,Corey Brown,CAR,WR,6.2,3.2,10.1,8.8,27,53,50.94,271,1,4.3,5.1,-0.9
2016,Terrance Williams,DAL,WR,6.2,2.7,12.3,17.93,44,61,72.13,594,4,3.5,3.9,-0.3
2016,Devin Funchess,CAR,WR,6.2,2,14.9,14.24,23,58,39.66,371,4,4.4,3.7,0.7
2016,Martellus Bennett,NE,TE,6.2,3.8,6,9.79,55,73,75.34,701,7,7.6,6.6,1.1
2016,Dontrelle Inman,LAC,WR,6.2,2.8,11.4,21.63,58,97,59.79,810,4,3.7,4.5,-0.8
2016,Willie Snead,NO,WR,6.2,3.1,7.4,15.13,72,104,69.23,895,4,5.5,5.9,-0.4
2016,Kendall Wright,TEN,WR,6.1,2.9,10.7,9.41,29,43,67.44,416,3,4.3,4.3,0
2016,Jeremy Maclin,KC,WR,6.1,2.4,11.5,22.3,44,76,57.89,536,2,3.1,4.1,-1
2016,Dorial Green-Beckham,PHI,WR,6.1,2.6,10.7,16.33,36,74,48.65,392,2,4,4.5,-0.5
2016,Antonio Gates,LAC,TE,6,2.8,8.8,15.99,53,93,56.99,548,7,3.6,4,-0.4
2016,Eddie Royal,CHI,WR,6,3.4,6.3,5.11,33,43,76.74,369,2,5.8,4.8,1
2016,Michael Crabtree,OAK,WR,6,2.3,11.6,33.82,89,145,61.38,1003,8,2.9,2.9,-0.1
2016,Will Tye,NYG,TE,6,3.1,6.3,9.02,48,70,68.57,395,1,3.9,4.7,-0.8
2016,John Brown,ARI,WR,6,3,14.8,16.26,39,73,53.42,517,2,2.5,3,-0.4
2016,Will Fuller,HOU,WR,6,2.5,16.3,27.55,47,92,51.09,630,2,4.4,3.8,0.6
2016,Julius Thomas,JAX,TE,5.9,2.8,7.5,7,30,51,58.82,281,4,3.4,5,-1.6
2016,Victor Cruz,NYG,WR,5.9,2.3,12.1,17.73,39,72,54.17,586,1,5,4.4,0.7
2016,Charles Clay,BUF,TE,5.9,3,8.4,15.51,57,87,65.52,552,4,3.3,4.2,-0.9
2016,J.J. Nelson,ARI,WR,5.9,2.9,18.3,20.38,34,74,45.95,568,6,4.8,3.6,1.2
2016,Travis Kelce,KC,TE,5.9,3,7,20.8,85,117,72.65,1125,4,7.8,6.6,1.2
2016,Jarvis Landry,MIA,WR,5.8,2.9,6.5,21.64,94,131,71.76,1136,4,6.5,4.8,1.7
2016,Jimmy Graham,SEA,TE,5.8,2.7,10.2,18.84,65,95,68.42,923,6,4.9,5.4,-0.4
2016,Robby Anderson,NYJ,WR,5.8,2.7,17,25.33,42,78,53.85,587,2,2.6,3.2,-0.7
2016,Emmanuel Sanders,DEN,WR,5.8,2.6,13.3,33.75,79,137,57.66,1032,5,3,3.4,-0.4
2016,Michael Floyd,NE,WR,5.8,2.4,15.6,17.82,37,76,48.68,488,5,1.7,3.2,-1.5
2016,Mike Wallace,BAL,WR,5.8,2.7,12.5,27.64,72,116,62.07,1017,4,5.8,5.2,0.6
2016,Eric Ebron,DET,TE,5.8,2.6,8.4,15.17,61,85,71.76,711,1,4.2,4.7,-0.5
2016,Trey Burton,PHI,TE,5.8,3.2,7.8,9.6,37,60,61.67,327,1,3.5,4,-0.5
2016,Jordy Nelson,GB,WR,5.8,2.7,13,34.56,97,152,63.82,1257,14,3.7,3.6,0.1
2016,Mike Evans,TB,WR,5.8,2.2,15.5,44.04,96,173,55.49,1321,12,1.9,2.4,-0.5
2016,Breshad Perriman,BAL,WR,5.7,2.4,14.9,18.67,33,66,50,499,3,5.2,4.6,0.6
2016,Tyler Boyd,CIN,WR,5.7,2.8,9.3,15.62,54,81,66.67,603,1,3.8,4.8,-1
2016,Brandon LaFell,CIN,WR,5.7,2.7,10.9,24.33,64,107,59.81,862,6,5.2,4.9,0.2
2016,Eli Rogers,PIT,WR,5.7,3,9.7,11.42,48,66,72.73,594,3,4.5,6.4,-1.9
2016,Tyrell Williams,LAC,WR,5.7,2.5,12.2,28.34,69,119,57.98,1059,7,6.7,7.4,-0.7
2016,Mohamed Sanu,ATL,WR,5.7,2.9,8.6,14.5,59,81,72.84,653,4,4.9,5.7,-0.8
2016,Kelvin Benjamin,CAR,WR,5.7,1.8,12.7,24.7,63,118,53.39,941,7,3.5,3.8,-0.3
2016,Cameron Meredith,CHI,WR,5.7,2.4,10.4,19.15,66,97,68.04,888,4,4.3,3.7,0.7
2016,Dennis Pitta,BAL,TE,5.7,2.9,6.4,14.81,86,121,71.07,729,2,3.5,4.1,-0.6
2016,T.Y. Hilton,IND,WR,5.7,2.6,13.3,39.3,91,155,58.71,1448,6,3.6,4.4,-0.9
2016,Donte Moncrief,IND,WR,5.7,2.4,11.1,11.84,30,56,53.57,307,7,2.5,2.7,-0.1
2016,Jermaine Kearse,SEA,WR,5.6,2.4,13.2,22.83,41,89,46.07,510,1,3.3,4.2,-0.9
2016,Terrelle Pryor,CLE,WR,5.6,2.8,14.7,40.1,77,140,55,1007,4,2.4,3.3,-1
2016,Corey Coleman,CLE,WR,5.6,2.8,15.2,21.65,33,73,45.21,413,3,2.8,3.2,-0.4
2016,Vance McDonald,SF,TE,5.6,2.5,10.5,11.14,24,45,53.33,391,4,8.7,6.5,2.3
2016,Jordan Reed,WAS,TE,5.6,3.3,8.2,12.8,66,89,74.16,686,6,3.8,4,-0.2
2016,Sammy Watkins,BUF,WR,5.6,2.5,15.1,16.64,28,52,53.85,430,2,1.1,3,-1.9
2016,Jason Witten,DAL,TE,5.6,3,6.9,15.69,69,95,72.63,673,3,3.4,3.7,-0.3
2016,Lance Kendricks,LAR,TE,5.5,2.6,5.4,10.98,50,87,57.47,499,2,5.2,5.1,0.1
2016,Golden Tate,DET,WR,5.5,2.7,8.4,23.96,91,135,67.41,1077,4,6.6,5.7,0.9
2016,Jermaine Gresham,ARI,TE,5.5,3,8.2,7.52,37,61,60.66,391,2,3.8,3.5,0.3
2016,Greg Olsen,CAR,TE,5.5,2.8,11.5,24.32,80,129,62.02,1073,3,4.3,5.1,-0.8
2016,Stefon Diggs,MIN,WR,5.5,2.8,9.1,24.84,84,112,75,896,3,3.5,3.8,-0.3
2016,Jordan Matthews,PHI,WR,5.4,2.8,10.7,25.82,73,117,62.39,804,3,3.2,4.5,-1.3
2016,Coby Fleener,NO,TE,5.4,2.5,9.9,15.81,50,81,61.73,631,3,4.1,4.8,-0.6
2016,Tyler Eifert,CIN,TE,5.4,2.6,9.2,8.99,29,47,61.7,394,5,5.1,5.8,-0.7
2016,C.J. Fiedorowicz,HOU,TE,5.4,2.3,7.3,11.97,54,89,60.67,559,4,3.8,4,-0.2
2016,Randall Cobb,GB,WR,5.4,3.4,7.5,10.94,60,84,71.43,610,4,5.8,5.2,0.6
2016,Cameron Brate,TB,TE,5.3,2.5,10.2,13.56,57,81,70.37,660,8,2.6,3.4,-0.8
2016,Jesse James,PIT,TE,5.3,3.5,7.1,7.57,39,60,65,338,3,3.4,4,-0.6
2016,Adam Thielen,MIN,WR,5.3,2.8,11,24.71,69,92,75,967,5,4.4,5.1,-0.8
2016,Sterling Shepard,NYG,WR,5.3,2.7,9.3,19.99,65,105,61.9,683,8,4.2,4.8,-0.6
2016,Zach Miller,CHI,TE,5.3,2.9,6.8,8.24,47,64,73.44,486,4,4.7,4.4,0.2
2016,Jack Doyle,IND,TE,5.3,3.3,6.8,9.78,59,75,78.67,584,5,4.1,4.8,-0.6
2016,Dez Bryant,DAL,WR,5.2,1.8,15.5,35.41,50,96,52.08,796,8,2.7,3.5,-0.8
2016,Odell Beckham,NYG,WR,5.2,2.8,11.4,39.16,101,169,59.76,1367,10,5.2,4.6,0.6
2016,Kamar Aiken,BAL,WR,5.2,3.4,12.1,11.54,29,50,58,328,1,3.5,4.7,-1.1
2016,Chris Hogan,NE,WR,5.2,3.2,13.7,17.78,38,58,65.52,680,4,6.7,5.9,0.8
2016,Malcolm Mitchell,NE,WR,5.2,2.6,11.1,11.97,32,48,66.67,401,4,5.1,4,1.1
2016,Anquan Boldin,DET,WR,5.2,2.4,6.7,13.52,67,95,70.53,584,8,3.1,3.5,-0.3
2016,Gary Barnidge,CLE,TE,5.2,2.7,7.7,12.26,55,82,67.07,612,2,3.7,4.4,-0.7
2016,Dwayne Allen,IND,TE,5.2,3,9.4,9.35,35,52,67.31,406,6,3.4,4.3,-0.9
2016,Andrew Hawkins,CLE,WR,5.1,3,8.6,9.04,33,54,61.11,324,3,3.9,3.6,0.3
2016,Ryan Griffin,HOU,TE,5.1,3,7.2,9.71,50,74,67.57,442,2,3,4,-1
2016,Pierre Garcon,WAS,WR,5.1,2.7,10.9,21.67,79,114,69.3,1041,3,4.3,4.1,0.2
2016,Antonio Brown,PIT,WR,5,2.9,11.1,30.44,106,154,68.83,1284,12,3.8,4.6,-0.7
2016,Clive Walford,OAK,TE,5,3.6,9.1,9.55,33,52,63.46,359,3,4,5.3,-1.3
2016,Julio Jones,ATL,WR,5,2.2,14.5,38.78,83,129,64.34,1409,6,4.8,5.2,-0.3
2016,DeVante Parker,MIA,WR,4.9,2.3,12.5,27.76,56,87,64.37,744,4,4.3,4.4,-0.1
2016,Garrett Celek,SF,TE,4.9,2.6,9.6,11.27,29,50,58,350,3,4.2,4.3,-0.1
2016,Alshon Jeffery,CHI,WR,4.9,2.2,14.1,25.16,52,94,55.32,821,2,3.7,3.5,0.2
2016,Jared Cook,GB,TE,4.9,2.9,10.6,9.43,30,51,58.82,377,1,4.9,5.8,-0.9
2016,Kenny Britt,LAR,WR,4.9,2.3,12.7,33.05,68,111,61.26,1002,5,4.1,4.1,0
2016,Michael Thomas,NO,WR,4.8,2.4,8.4,20.03,92,121,76.03,1137,9,5,4.6,0.4
2016,Hunter Henry,LAC,TE,4.8,2.8,9.5,9.88,36,53,67.92,478,8,5.6,4.6,1
2016,A.J. Green,CIN,WR,4.8,2.5,13.4,27.83,66,100,66,964,4,4,4.8,-0.8
2016,Seth Roberts,OAK,WR,4.7,2.5,9.3,14.5,38,77,49.35,397,5,5.3,4.6,0.7
2016,Demaryius Thomas,DEN,WR,4.7,2.1,11.1,29.56,90,144,62.5,1083,5,3.4,3.6,-0.2
2016,Davante Adams,GB,WR,4.6,2.9,12.3,26.03,75,121,61.98,997,12,5.4,5.3,0.1
2016,Amari Cooper,OAK,WR,4.6,2.6,10.1,27,83,132,62.88,1153,5,5.5,5.4,0.1
2016,Allen Robinson,JAX,WR,4.6,1.9,14.1,38.96,73,151,48.34,883,6,2.8,3.9,-1.1
2016,Brandon Marshall,NYJ,WR,4.4,2.2,13.6,33.23,59,128,46.09,788,3,3,4.7,-1.8
2016,DeAndre Hopkins,HOU,WR,4.3,2.3,12.7,35.17,78,151,51.66,954,4,3,2.7,0.3
2016,Marvin Jones,DET,WR,3.8,2,14.7,31.96,55,103,53.4,930,4,4.3,3.8,0.5
2017,Cooper Kupp,LAR,WR,7.4,3.1,9.3,21.25,62,94,65.96,869,5,6,5.4,0.6
2017,Torrey Smith,PHI,WR,7.4,2.3,12.7,16.33,36,68,52.94,430,2,3.8,4,-0.2
2017,Taylor Gabriel,ATL,WR,7.3,3,10,10.96,33,51,64.71,378,1,6.9,5.8,1.1
2017,Travis Benjamin,LAC,WR,7.3,3.5,15.3,20.87,34,65,52.31,567,4,6.2,5.6,0.6
2017,Tyreek Hill,KC,WR,7.2,3.5,11.5,29.56,75,105,71.43,1183,7,6.4,6.3,0.1
2017,DeSean Jackson,TB,WR,7.2,2.7,15.8,23.48,50,90,55.56,668,3,4,4.5,-0.5
2017,Ryan Grant,WAS,WR,7,2.9,9.8,15.05,45,65,69.23,573,4,5.3,4.9,0.5
2017,Tyler Lockett,SEA,WR,7,2.9,12.7,16.62,45,71,63.38,555,2,4.3,5.1,-0.7
2017,Kendall Wright,CHI,WR,6.9,3,7.6,19.79,59,91,64.84,614,1,3.7,4,-0.3
2017,Aldrick Robinson,SF,WR,6.9,2.7,12.2,12,19,48,39.58,260,2,2.2,2.4,-0.2
2017,Ted Ginn,NO,WR,6.9,3.5,12,25.14,53,70,75.71,787,4,5.7,6.2,-0.5
2017,Adam Humphries,TB,WR,6.9,3.4,6.6,9.01,61,83,73.49,631,1,5,5.2,-0.2
2017,Rishard Matthews,TEN,WR,6.8,2.6,11.7,23.68,53,87,60.92,795,4,5.2,3.9,1.3
2017,Bruce Ellington,HOU,WR,6.7,2.9,9.8,10.35,29,57,50.88,330,2,4.5,4.9,-0.4
2017,Albert Wilson,KC,WR,6.7,4.1,5.7,8.73,42,62,67.74,554,3,8,7.8,0.2
2017,Stefon Diggs,MIN,WR,6.6,2.8,11.5,27.38,64,95,67.37,849,8,4.8,4.2,0.7
2017,Martavis Bryant,PIT,WR,6.6,3.1,14,22.06,50,84,59.52,603,3,4,4.5,-0.5
2017,Devin Funchess,CAR,WR,6.6,2.5,12.9,34.63,63,111,56.76,840,8,4.8,4.5,0.3
2017,Jaron Brown,ARI,WR,6.6,2.4,15.3,18.32,31,69,44.93,477,4,3.3,3,0.3
2017,Delanie Walker,TEN,TE,6.6,2.6,9.2,23.89,74,111,66.67,807,3,3.7,4.3,-0.6
2017,Robert Woods,LAR,WR,6.5,3,10.8,22.34,56,85,65.88,781,5,5.5,5.2,0.3
2017,Ricardo Louis,CLE,WR,6.5,2.4,13.8,15.66,27,61,44.26,357,0,3.6,4.5,-0.9
2017,Jamison Crowder,WAS,WR,6.5,3.2,7.4,18.11,66,103,64.08,789,3,5.8,6.3,-0.5
2017,Chris Godwin,TB,WR,6.5,2.2,12.3,11.22,34,55,61.82,525,1,5.5,3.4,2.1
2017,Robby Anderson,NYJ,WR,6.4,3.4,12.8,38.46,63,114,55.26,941,7,5.1,5.4,-0.3
2017,Terrance Williams,DAL,WR,6.3,3.1,9.1,17.2,53,78,67.95,568,0,4.4,5.2,-0.8
2017,Dontrelle Inman,CHI,WR,6.3,2,13.1,12.12,25,44,56.82,344,1,1.9,2.7,-0.9
2017,J.J. Nelson,ARI,WR,6.3,2.3,18.1,19.18,29,61,47.54,508,2,2.4,2.9,-0.6
2017,Eric Ebron,DET,TE,6.3,3.3,7.6,14.39,53,86,61.63,574,4,5.1,4.9,0.2
2017,Cole Beasley,DAL,WR,6.3,2.4,7.7,11.71,36,63,57.14,314,4,3.4,3.4,0.1
2017,Brandon LaFell,CIN,WR,6.3,2.7,8.4,18.19,52,89,58.43,548,3,5.1,5.1,0
2017,Josh Bellamy,CHI,WR,6.2,2.8,13,17.22,24,46,52.17,376,1,5,3.8,1.1
2017,Trent Taylor,SF,WR,6.2,2.7,6.4,7.8,43,60,71.67,430,2,4.9,4.8,0.1
2017,Dede Westbrook,JAX,WR,6.2,3,11.1,14.08,27,51,52.94,339,1,4.4,4.5,-0.1
2017,Mike Wallace,BAL,WR,6.2,2.6,13,32.26,52,92,56.52,748,4,3.6,3.8,-0.2
2017,Tyler Higbee,LAR,TE,6.2,2.6,10,10.96,25,45,55.56,295,1,3.6,3,0.6
2017,Kenny Stills,MIA,WR,6.2,2.7,14.6,32.38,58,105,55.24,847,6,3.2,3.6,-0.4
2017,Pierre Garcon,SF,WR,6.2,2.7,9.6,13.1,40,67,59.7,500,0,4.8,4.1,0.7
2017,Jermaine Gresham,ARI,TE,6.2,2.9,5.9,4.74,33,46,71.74,322,2,4.7,3.9,0.8
2017,T.Y. Hilton,IND,WR,6.1,2.5,13.1,38.35,57,109,52.29,966,4,5.4,4.6,0.8
2017,Travis Kelce,KC,TE,6.1,2.9,9.2,27.58,83,122,68.03,1038,8,5.5,5,0.5
2017,Marquise Goodwin,SF,WR,6.1,2.2,15.1,32.44,56,105,53.33,962,2,3.9,3.8,0.1
2017,Jesse James,PIT,TE,6.1,3.3,6.8,8.08,43,63,68.25,372,3,4.6,4.5,0.1
2017,JuJu Smith-Schuster,PIT,WR,6.1,2.7,9.5,14.14,58,79,73.42,917,7,7.2,5.2,2
2017,Corey Davis,TEN,WR,6.1,2.7,11.4,17.28,34,65,52.31,375,0,3.2,3.9,-0.7
2017,Keelan Cole,JAX,WR,6,2.5,12.7,26.28,42,83,50.6,748,3,7.5,5.7,1.8
2017,Randall Cobb,GB,WR,6,3.7,5.8,13.39,66,92,71.74,653,4,6.7,6.2,0.5
2017,Jordy Nelson,GB,WR,6,2.7,10.8,24.07,53,88,60.23,482,6,2.5,3.1,-0.7
2017,Larry Fitzgerald,ARI,WR,6,2.6,8.2,22.78,109,161,67.7,1156,6,4.1,4.3,-0.2
2017,Bennie Fowler,DEN,WR,6,2.5,10.5,12.62,29,56,51.79,350,3,4,4.2,-0.2
2017,Eric Decker,TEN,WR,6,2.6,9.7,18.77,54,83,65.06,563,1,2.6,3.1,-0.5
2017,Paul Richardson,SEA,WR,5.9,2.4,15.1,22.25,44,80,55,703,6,3.3,3.1,0.2
2017,Benjamin Watson,BAL,TE,5.9,3.3,5.1,10.79,61,79,77.22,522,4,4.6,4.9,-0.3
2017,Evan Engram,NYG,TE,5.9,2.6,8.6,22.58,64,115,55.65,722,6,5,4.7,0.3
2017,Austin Seferian-Jenkins,NYJ,TE,5.9,2.9,6.5,12.61,50,74,67.57,357,3,2.7,3.5,-0.8
2017,Golden Tate,DET,WR,5.9,2.8,5.7,15.03,92,120,76.67,1003,5,7,5.3,1.7
2017,Martellus Bennett,NE,TE,5.9,3.1,5.5,6.07,30,44,68.18,286,0,6,4.8,1.3
2017,Tyrell Williams,LAC,WR,5.9,3.1,13.5,19.56,43,69,62.32,728,4,8.2,7.2,1
2017,Chris Hogan,NE,WR,5.9,2.7,13.2,14.81,34,59,57.63,439,5,5.3,5.1,0.3
2017,Jimmy Graham,SEA,TE,5.8,2.5,8,14.1,57,96,59.38,520,10,4,3.9,0
2017,Danny Amendola,NE,WR,5.8,2.9,8,13.15,61,86,70.93,659,2,3.7,4.2,-0.5
2017,T.J. Jones,DET,WR,5.8,2.8,11,11.84,30,49,61.22,399,1,2.8,3.2,-0.4
2017,Nelson Agholor,PHI,WR,5.8,3,10.2,18.33,62,95,65.26,768,8,5.3,5.2,0.1
2017,Deonte Thompson,BUF,WR,5.8,2.5,15.1,25.8,38,69,55.07,557,2,3,3.8,-0.9
2017,Roger Lewis,NYG,WR,5.8,2.1,10.4,17.16,36,72,50,416,2,2.4,3.2,-0.8
2017,Marqise Lee,JAX,WR,5.8,2.7,10.9,26.12,56,96,58.33,702,3,5.4,5,0.4
2017,Ed Dickson,CAR,TE,5.8,3.9,9.6,11.18,30,48,62.5,437,1,7.1,6.4,0.7
2017,Kenny Golladay,DET,WR,5.7,2.2,14.8,15.54,28,48,58.33,477,3,7,7.1,-0.1
2017,Jarvis Landry,MIA,WR,5.7,3.2,6.1,20.7,112,161,69.57,987,9,4.8,4.7,0
2017,Jeremy Maclin,BAL,WR,5.7,2.3,9.6,18.6,40,72,55.56,440,3,3.1,2.8,0.3
2017,Doug Baldwin,SEA,WR,5.7,2.8,12.5,26.77,75,116,64.66,991,8,3.7,3.9,-0.2
2017,Kenny Britt,NE,WR,5.7,2.3,12.1,9.73,20,43,46.51,256,2,4.2,3.6,0.6
2017,John Brown,ARI,WR,5.7,2.4,15.7,14.93,21,55,38.18,299,3,3,3.7,-0.7
2017,Michael Thomas,NO,WR,5.7,2.6,9.3,41.35,104,148,70.27,1245,5,4.6,4.3,0.3
2017,Will Fuller,HOU,WR,5.7,2.7,15.6,14.48,28,50,56,423,7,3.9,4.8,-0.8
2017,Adam Thielen,MIN,WR,5.7,2.7,10.8,38.39,91,142,64.08,1276,4,5,4.7,0.3
2017,Vernon Davis,WAS,TE,5.7,3.3,10.6,17.31,43,69,62.32,648,3,7.4,6.7,0.7
2017,Charles Clay,BUF,TE,5.7,3.1,6.7,12.33,49,74,66.22,558,2,5.8,6.3,-0.5
2017,Allen Hurns,JAX,WR,5.6,2.5,9.8,13.66,39,56,69.64,484,2,4.9,5,-0.2
2017,Seth DeValve,CLE,TE,5.6,2.9,8.7,9.44,33,58,56.9,395,1,5.3,5.3,0
2017,Donte Moncrief,IND,WR,5.6,2.2,14.1,17.79,26,47,55.32,391,2,3.2,3,0.2
2017,Davante Adams,GB,WR,5.6,2.8,9.4,27.93,74,117,63.25,885,10,5,4.6,0.4
2017,Jermaine Kearse,NYJ,WR,5.6,2.8,8.9,23.97,65,102,63.73,810,5,5.1,4.4,0.7
2017,Cameron Brate,TB,TE,5.6,2.7,9.3,11.91,48,77,62.34,591,6,3.7,4,-0.3
2017,Hunter Henry,LAC,TE,5.5,3,9.3,12.12,45,62,72.58,579,4,4.9,4,0.9
2017,Seth Roberts,OAK,WR,5.5,2.7,9.4,13.63,43,65,66.15,455,1,2.9,3.5,-0.6
2017,Kelvin Benjamin,BUF,WR,5.5,2,11.5,21.73,48,78,61.54,692,3,3.3,3,0.2
2017,Keenan Allen,LAC,WR,5.5,2.7,9.5,31.63,102,159,64.15,1393,6,5.3,4.8,0.5
2017,Emmanuel Sanders,DEN,WR,5.5,2.4,10.6,21.06,47,92,51.09,555,2,4,3.1,0.9
2017,Tyler Kroft,CIN,TE,5.4,2.9,7.8,11.82,42,62,67.74,404,7,4.9,4.1,0.8
2017,Julio Jones,ATL,WR,5.4,2.4,14.4,46,88,148,59.46,1444,3,5.9,5.3,0.5
2017,Zay Jones,BUF,WR,5.3,2.7,13,23.83,27,74,36.49,316,2,2.9,4.1,-1.2
2017,Corey Coleman,CLE,WR,5.3,2.3,14.7,15.86,23,58,39.66,305,2,1.4,1.8,-0.4
2017,Mike Evans,TB,WR,5.3,2.1,14.2,31.87,71,136,52.21,1004,5,2.1,2.5,-0.4
2017,Austin Hooper,ATL,TE,5.2,3.7,6.3,8.76,49,65,75.38,526,3,5.7,4.8,0.9
2017,Jack Doyle,IND,TE,5.2,3.4,4.9,14.13,80,108,74.07,690,4,4.5,4.8,-0.3
2017,Brandin Cooks,NE,WR,5.2,2.7,15.1,32.86,65,114,57.02,1082,7,3.9,4.7,-0.8
2017,DeVante Parker,MIA,WR,5.2,2.3,12.3,24.87,57,96,59.38,670,1,4,4.1,-0.1
2017,Sterling Shepard,NYG,WR,5.2,2.4,8.8,16.92,59,84,70.24,731,2,5.5,4.2,1.3
2017,Zach Ertz,PHI,TE,5.1,2.9,7.8,16.18,74,110,67.27,824,8,3.9,4.2,-0.3
2017,George Kittle,SF,TE,5.1,3,7.1,9.13,43,63,68.25,515,2,6.6,5.9,0.8
2017,Alshon Jeffery,PHI,WR,5.1,1.8,14.5,33,57,120,47.5,789,9,3.9,3,0.9
2017,Mohamed Sanu,ATL,WR,5.1,2.7,7.6,15.79,67,96,69.79,703,5,4.1,4.2,-0.1
2017,Dez Bryant,DAL,WR,5.1,2.4,11.8,37.77,69,132,52.27,838,6,4.4,3.6,0.8
2017,Stephen Anderson,HOU,TE,5,2.3,9.8,9.48,25,52,48.08,342,1,4.3,4.5,-0.2
2017,Kamar Aiken,IND,WR,5,2.1,10.1,11.92,15,44,34.09,133,0,3.2,3.9,-0.6
2017,Jared Cook,OAK,TE,5,2.8,9,17.1,54,86,62.79,688,2,4.5,4.4,0.1
2017,Josh Doctson,WAS,WR,5,2.2,14.2,26.31,35,78,44.87,502,6,4,3.6,0.4
2017,David Njoku,CLE,TE,5,2.6,9.7,10.88,32,60,53.33,386,4,5.3,4.8,0.5
2017,Demaryius Thomas,DEN,WR,5,2.3,10,30.17,83,140,59.29,949,5,3.8,3.7,0.1
2017,Michael Crabtree,OAK,WR,5,2.2,10.7,23.9,58,101,57.43,618,8,3.5,3.4,0.1
2017,A.J. Green,CIN,WR,4.9,2.4,13.3,46.31,75,143,52.45,1078,8,4.6,4.2,0.4
2017,Marcedes Lewis,JAX,TE,4.9,3.3,8.4,10.04,24,48,50,318,5,7.1,6.2,0.9
2017,Kyle Rudolph,MIN,TE,4.9,3,7.5,15.2,57,81,70.37,532,8,4.2,4.4,-0.2
2017,Jason Witten,DAL,TE,4.8,2.5,7.4,15.66,63,87,72.41,560,5,1.8,2.8,-1
2017,Sammy Watkins,LAR,WR,4.8,2.5,14.4,24.67,39,70,55.71,593,8,5.2,4.7,0.4
2017,Rashard Higgins,CLE,WR,4.8,3,9.7,9.05,27,50,54,312,2,5.3,4.4,1
2017,Antonio Gates,LAC,TE,4.7,2.6,8.6,9.36,30,52,57.69,316,3,3.2,3.3,-0.2
2017,Julius Thomas,MIA,TE,4.7,3.2,7.5,9.76,41,62,66.13,388,3,4,4,0
2017,DeAndre Hopkins,HOU,WR,4.6,2.1,13.6,43.87,96,174,55.17,1377,13,3.7,3.1,0.6
2017,Rob Gronkowski,NE,TE,4.6,2.3,11.2,22.33,69,105,65.71,1084,8,6,4.9,1
2017,Amari Cooper,OAK,WR,4.5,2.6,11.3,24.02,48,96,50,680,7,6.6,4.9,1.8
2017,Marvin Jones,DET,WR,4.3,2.2,15.3,35.82,61,107,57.01,1101,9,3.9,3.3,0.6
2017,Antonio Brown,PIT,WR,4.3,2.6,13.7,41.89,101,163,61.96,1533,9,5.1,4.5,0.6
2018,Josh Reynolds,LAR,WR,7.5,3,12.9,13.65,29,52,55.77,402,5,4.8,4.4,0.3
2018,DeSean Jackson,TB,WR,7.3,2.7,19.1,21.43,41,74,55.41,774,4,4.6,4.5,0
2018,Taywan Taylor,TEN,WR,7.1,3.2,13.2,22.99,37,56,66.07,466,1,4.7,4.3,0.4
2018,Taylor Gabriel,CHI,WR,7,3.5,11,23.01,67,93,72.04,688,2,3.6,4.3,-0.7
2018,Curtis Samuel,CAR,WR,6.7,2.4,12.2,19.14,39,65,60,494,5,2.9,3.5,-0.6
2018,Cooper Kupp,LAR,WR,6.7,3.5,8.6,9.62,40,55,72.73,566,6,7.7,7,0.8
2018,Keelan Cole,JAX,WR,6.6,2.9,9.7,18.35,38,70,54.29,491,1,3.9,4.5,-0.6
2018,Jordan Reed,WAS,TE,6.6,3.3,6.6,13.36,54,84,64.29,558,2,4.5,4.9,-0.4
2018,Tyler Lockett,SEA,WR,6.6,3.3,13.5,24.44,57,70,81.43,965,10,4.2,4.7,-0.5
2018,Maurice Harris,WAS,WR,6.6,3.1,10.5,11.85,28,47,59.57,304,0,3.4,5.3,-1.9
2018,Quincy Enunwa,NYJ,WR,6.6,3.1,7.3,10.73,38,68,55.88,450,1,7.7,5.7,2
2018,Adam Humphries,TB,WR,6.5,3.6,6.1,9.67,76,105,72.38,816,5,5.7,5.3,0.4
2018,Chris Conley,KC,WR,6.5,3.3,9.5,9.41,32,52,61.54,334,5,4.3,4.1,0.2
2018,Rashard Higgins,CLE,WR,6.5,3,11.2,11.23,39,53,73.58,572,4,4.2,4.4,-0.3
2018,Kendrick Bourne,SF,WR,6.5,2.8,9.1,15.4,42,67,62.69,487,4,3.6,3.7,0
2018,Robby Anderson,NYJ,WR,6.4,2.3,16.5,33.56,50,94,53.19,752,6,3.6,3.9,-0.3
2018,Seth Roberts,OAK,WR,6.4,3.2,8.3,14.48,45,64,70.31,494,2,5.7,4.5,1.2
2018,Jamison Crowder,WAS,WR,6.4,2.9,9.1,10.71,29,49,59.18,388,2,7.6,5.9,1.8
2018,Robert Woods,LAR,WR,6.4,3,11.3,29.86,86,130,66.15,1219,6,5.3,5.1,0.2
2018,Jermaine Kearse,NYJ,WR,6.4,2.7,9.3,15.34,37,76,48.68,371,1,3.7,3.9,-0.2
2018,Larry Fitzgerald,ARI,WR,6.3,2.3,9.6,27.1,69,112,61.61,734,6,3.2,3.2,0.1
2018,Laquon Treadwell,MIN,WR,6.3,2.9,6,7.05,35,53,66.04,302,1,3.4,3,0.4
2018,Calvin Ridley,ATL,WR,6.3,3.2,10,17.68,64,92,69.57,821,10,5.8,5.1,0.7
2018,Robert Foster,BUF,WR,6.3,2.7,20.6,17.78,26,43,60.47,526,3,6.5,5.9,0.6
2018,Golden Tate,PHI,WR,6.3,3,6.3,17.75,74,113,65.49,789,4,5.8,4.6,1.2
2018,Marquez Valdes-Scantling,GB,WR,6.3,3.3,12.6,16.26,38,73,52.05,581,2,6.2,6.7,-0.5
2018,Danny Amendola,MIA,WR,6.3,3.2,7,15.57,59,79,74.68,575,1,4.2,4.8,-0.7
2018,Jimmy Graham,GB,TE,6.3,2.9,9.3,14.67,55,89,61.8,636,2,5.1,5,0.1
2018,Chris Godwin,TB,WR,6.2,2.6,11.9,17.14,59,95,62.11,842,7,4.6,4,0.6
2018,Chris Hogan,NE,WR,6.2,4.1,12,15.24,35,55,63.64,532,3,6,5.8,0.2
2018,Nelson Agholor,PHI,WR,6.2,3.4,10.5,23.08,64,97,65.98,743,4,6,5.7,0.3
2018,Julian Edelman,NE,WR,6.2,3.3,7.7,19.16,74,108,68.52,850,6,5,5,-0.1
2018,Christian Kirk,ARI,WR,6.2,2.7,9.8,16.73,43,68,63.24,590,3,5.4,4.7,0.8
2018,Odell Beckham,NYG,WR,6.2,3,11.5,33.3,77,124,62.1,1052,6,4.5,5.3,-0.7
2018,Zay Jones,BUF,WR,6.2,2.8,12.7,25.93,56,102,54.9,652,7,2.6,2.7,-0.1
2018,Kenny Stills,MIA,WR,6.2,2.4,16.4,29.41,37,64,57.81,553,6,3.7,2.9,0.7
2018,Tajae Sharpe,TEN,WR,6.2,3,11.3,16.54,26,47,55.32,316,2,3.4,3.4,0
2018,Emmanuel Sanders,DEN,WR,6.2,3.2,9.3,20.87,71,98,72.45,866,4,4.6,4.1,0.5
2018,Dede Westbrook,JAX,WR,6.1,3.5,8.5,23.12,66,101,65.35,715,5,5.7,5.2,0.6
2018,D.J. Moore,CAR,WR,6.1,2.9,9,17.89,55,82,67.07,788,2,7.9,4.7,3.2
2018,Rob Gronkowski,NE,TE,6.1,2.6,12,19.97,47,72,65.28,682,3,4.6,4.6,0.1
2018,Evan Engram,NYG,TE,6.1,4.4,5.1,7.62,45,64,70.31,577,3,9,6.7,2.3
2018,Zach Ertz,PHI,TE,6.1,3.2,7.3,25.8,116,156,74.36,1163,8,3.3,4.2,-0.9
2018,Corey Davis,TEN,WR,6.1,3.1,10.3,35.83,65,112,58.04,891,4,4.3,4,0.3
2018,Gerald Everett,LAR,TE,6,3.9,6.6,6.56,32,49,65.31,313,3,4.5,5,-0.5
2018,Amari Cooper,DAL,WR,6,2.9,9.9,26.5,75,107,70.09,1005,7,5.7,4.2,1.6
2018,Ian Thomas,CAR,TE,6,3.4,6.3,7.46,36,49,73.47,333,2,4.4,5,-0.5
2018,Jarius Wright,CAR,WR,6,3.2,5.7,8.17,43,59,72.88,447,1,5,4.9,0.1
2018,Demaryius Thomas,HOU,WR,5.9,3,10.4,21.05,59,89,66.29,677,5,4.9,5.3,-0.4
2018,Stefon Diggs,MIN,WR,5.9,2.7,8.9,29.55,102,149,68.46,1021,9,4.3,4.3,0
2018,Donte Moncrief,JAX,WR,5.9,2.2,12.8,30.92,48,89,53.93,672,3,5.1,4,1.2
2018,T.Y. Hilton,IND,WR,5.9,2.3,11.3,27.58,76,120,63.33,1270,6,6.2,6.2,0
2018,Cole Beasley,DAL,WR,5.9,2.9,7.4,16.1,65,87,74.71,672,3,3.4,3.8,-0.4
2018,Sterling Shepard,NYG,WR,5.9,3.1,10.4,25.96,66,107,61.68,872,4,5.2,5.5,-0.3
2018,Tyreek Hill,KC,WR,5.9,3.1,14.8,38.43,87,137,63.5,1479,12,6.4,5.8,0.6
2018,Jordy Nelson,OAK,WR,5.8,2.7,9,21.78,63,88,71.59,739,3,4.1,4,0.2
2018,Marquise Goodwin,SF,WR,5.8,3,14.2,15.89,23,44,52.27,395,4,5.9,4.1,1.8
2018,Ryan Switzer,PIT,WR,5.8,3.5,3.2,2.67,36,44,81.82,253,1,4.1,5.1,-1.1
2018,Adam Thielen,MIN,WR,5.8,2.9,9.6,32.76,113,153,73.86,1373,9,3.9,3.9,0
2018,Kyle Rudolph,MIN,TE,5.8,3.5,6.9,12.58,64,82,78.05,634,4,4,4.5,-0.4
2018,Trey Burton,CHI,TE,5.8,3.4,8.1,13.72,54,76,71.05,569,6,3.7,4.2,-0.5
2018,Eric Ebron,IND,TE,5.8,3.4,9.9,22.01,66,110,60,750,13,3.9,4.3,-0.5
2018,Chris Herndon,NYJ,TE,5.7,3.1,10,12.07,39,56,69.64,502,4,5.1,4.8,0.4
2018,Nick Vannett,SEA,TE,5.7,3.7,6.1,6.78,29,43,67.44,269,3,5.2,5,0.2
2018,Mohamed Sanu,ATL,WR,5.7,3,7.9,14.23,66,94,70.21,838,4,6.1,5.3,0.8
2018,Zach Pascal,IND,WR,5.7,2.4,9.6,8.95,27,46,58.7,268,2,3.1,3.4,-0.3
2018,Julio Jones,ATL,WR,5.7,2.5,14,45.64,113,170,66.47,1677,8,4.2,3.8,0.4
2018,Mike Evans,TB,WR,5.7,2.1,15.7,32.8,86,138,62.32,1524,8,3.8,3.6,0.1
2018,John Brown,BAL,WR,5.7,2.3,16.3,34.13,42,97,43.3,717,5,4.1,3.5,0.6
2018,Chester Rogers,IND,WR,5.7,3.6,6.4,9.34,53,72,73.61,485,2,5.1,5.9,-0.8
2018,Brandin Cooks,LAR,WR,5.7,2.7,12.9,30.74,80,117,68.38,1204,5,4.5,4.8,-0.3
2018,Jeff Heuerman,DEN,TE,5.7,3.3,5.7,6.24,31,48,64.58,281,2,5,5.7,-0.7
2018,Ryan Grant,IND,WR,5.7,2.6,9.5,10.05,35,52,67.31,334,1,2.7,3.4,-0.7
2018,Jarvis Landry,CLE,WR,5.7,3.3,10.8,30.4,81,149,54.36,976,4,3.8,4.7,-0.9
2018,Cameron Brate,TB,TE,5.6,2.9,8.7,6.46,30,49,61.22,289,6,2.1,2.4,-0.3
2018,Tyler Boyd,CIN,WR,5.6,2.9,9.4,22.93,76,108,70.37,1028,7,5.8,5.2,0.6
2018,Travis Kelce,KC,TE,5.6,2.9,8.9,25.31,103,150,68.67,1336,10,5.8,4.6,1.3
2018,Josh Doctson,WAS,WR,5.6,2.4,14.3,26.8,44,78,56.41,532,2,3.3,3.6,-0.3
2018,Jared Cook,OAK,TE,5.6,3,8,22.16,68,101,67.33,896,6,5.7,5.4,0.3
2018,Tre'Quan Smith,NO,WR,5.6,2.2,12.1,14.27,28,44,63.64,427,5,4.2,3.1,1.1
2018,Austin Hooper,ATL,TE,5.6,3.2,6.7,11.26,71,88,80.68,660,4,3.5,3.8,-0.2
2018,Pierre Garcon,SF,WR,5.6,2.8,8.8,10.29,24,46,52.17,286,1,4.7,4.7,0
2018,Tyrell Williams,LAC,WR,5.6,2.8,12.5,20.15,41,65,63.08,653,5,5.1,6,-0.8
2018,David Njoku,CLE,TE,5.6,3.1,8.5,14.17,56,88,63.64,639,4,6,5.1,1
2018,Allen Robinson,CHI,WR,5.5,2,11.9,25.02,55,94,58.51,754,4,4.5,3.9,0.6
2018,Vance McDonald,PIT,TE,5.5,3.3,5.7,7.85,50,72,69.44,610,4,7.9,5.6,2.4
2018,Sammy Watkins,KC,WR,5.5,3.5,8.4,8.76,40,55,72.73,519,3,6.2,6.2,0
2018,Kelvin Benjamin,KC,WR,5.5,1.7,15.9,20.24,25,67,37.31,380,1,2.8,2.8,0
2018,Alshon Jeffery,PHI,WR,5.5,2.5,10.8,22.66,65,92,70.65,840,6,4.7,3.8,0.9
2018,Will Fuller,HOU,WR,5.4,3.3,14.6,14.93,32,45,71.11,503,4,5.5,4.7,0.8
2018,Chad Williams,ARI,WR,5.4,1.9,13.2,15.34,17,46,36.96,171,1,0.9,1.4,-0.5
2018,George Kittle,SF,TE,5.4,3.3,7.3,25.32,88,136,64.71,1377,5,10.2,6.7,3.4
2018,Willie Snead,BAL,WR,5.4,3.1,8.3,17,62,95,65.26,651,1,4.8,4.2,0.7
2018,John Ross,CIN,WR,5.4,2.2,14,18.36,21,58,36.21,210,7,3.1,3.2,-0.1
2018,Randall Cobb,GB,WR,5.4,2.9,8.2,8.84,38,61,62.3,383,2,6.5,6.4,0.1
2018,Dante Pettis,SF,WR,5.4,3.4,11.8,13.52,27,45,60,467,5,7.6,5.5,2.1
2018,DaeSean Hamilton,DEN,WR,5.3,3.1,8.4,8.8,30,46,65.22,243,2,2.4,3.3,-0.9
2018,Michael Gallup,DAL,WR,5.3,2.7,14,23.78,33,68,48.53,507,2,5.5,5.5,0
2018,JuJu Smith-Schuster,PIT,WR,5.3,3,8.7,27.6,111,166,66.87,1383,7,6.1,6,0
2018,Michael Crabtree,BAL,WR,5.3,2.8,10.8,23.3,54,100,54,607,3,2.7,3.9,-1.2
2018,Ricky Seals-Jones,ARI,TE,5.3,2.7,9.8,17.13,34,69,49.28,343,1,3,3.5,-0.5
2018,Keenan Allen,LAC,WR,5.3,2.7,8.8,29.75,97,136,71.32,1196,6,4.4,4.7,-0.3
2018,Mark Andrews,BAL,TE,5.2,2.9,10.5,11.26,34,50,68,552,3,6.5,5.3,1.2
2018,Anthony Miller,CHI,WR,5.2,3,11.3,13.71,33,54,61.11,423,7,5.4,5.4,-0.1
2018,Benjamin Watson,NO,TE,5.2,2.6,9.9,12.16,35,46,76.09,400,2,3,4,-0.9
2018,Doug Baldwin,SEA,WR,5.2,2.8,12.1,22.92,50,73,68.49,618,5,3.6,3.8,-0.2
2018,Dallas Goedert,PHI,TE,5.2,3.3,7.7,7.74,33,44,75,334,4,5.7,5.2,0.5
2018,Ryan Griffin,HOU,TE,5.1,3.4,7.9,7.71,24,43,55.81,305,0,6.8,5.6,1.1
2018,DeVante Parker,MIA,WR,5.1,2.5,11.9,15.67,24,47,51.06,306,1,4.5,4.5,0
2018,Antonio Brown,PIT,WR,5,2.6,11.2,36.07,104,168,61.9,1297,15,5,4.6,0.5
2018,C.J. Uzomah,CIN,TE,5,2.8,7.5,10.8,43,64,67.19,439,3,4.9,4.3,0.6
2018,Devin Funchess,CAR,WR,5,2.3,12.7,24.21,44,79,55.7,549,4,1.8,2,-0.2
2018,Antonio Callaway,CLE,WR,5,2.6,13.7,20.51,43,79,54.43,586,5,5.8,5.5,0.3
2018,Mike Williams,LAC,WR,4.9,2.1,15.2,24.85,43,66,65.15,664,10,3,2.6,0.3
2018,DeAndre Hopkins,HOU,WR,4.9,2.5,11.9,44.04,115,163,70.55,1572,11,3.7,4.1,-0.5
2018,Kenny Golladay,DET,WR,4.9,2.3,12.6,37.51,70,119,58.82,1063,5,5.4,4.6,0.7
2018,Davante Adams,GB,WR,4.8,3,11.3,33.97,111,169,65.68,1386,13,4.6,4.7,-0.1
2018,David Moore,SEA,WR,4.7,2,16.4,22.47,26,53,49.06,445,5,3.7,3.4,0.3
2018,Josh Gordon,NE,WR,4.7,2.1,14,22.9,41,71,57.75,737,4,7.1,4.8,2.3
2018,Michael Thomas,NO,WR,4.6,2.7,7.7,30.27,125,147,85.03,1405,9,4.1,3.6,0.5
2018,Courtland Sutton,DEN,WR,4.6,2.2,14.4,27.51,42,84,50,704,4,4.4,4.5,-0.1
2018,O.J. Howard,TB,TE,4.5,2.5,11.1,8.11,34,48,70.83,565,5,6.9,4.8,2.1
2018,Antonio Gates,LAC,TE,4.4,2.5,8.8,9.81,28,45,62.22,333,2,4.5,3.5,1.1
2018,A.J. Green,CIN,WR,4.4,2,12.7,22.16,46,77,59.74,694,6,4.3,4.1,0.2
2018,Marvin Jones,DET,WR,4,2.2,15.2,23.65,35,62,56.45,508,5,3.1,2.3,0.8
2019,Calvin Ridley,ATL,WR,7.4,2.9,13.5,23.32,63,93,67.74,866,7,2.3,3.5,-1.2
2019,Robert Woods,LAR,WR,7.3,3.4,8.1,23.69,90,139,64.75,1134,2,6.7,6.2,0.6
2019,Corey Davis,TEN,WR,7.2,2.7,12.3,22.32,43,69,62.32,601,2,4.9,3.4,1.5
2019,Ted Ginn,NO,WR,7,2.8,16.1,24.79,30,56,53.57,421,2,1.5,2.5,-1
2019,Albert Wilson,MIA,WR,6.9,3.5,5.2,6.02,43,62,69.35,351,1,4.3,4.5,-0.2
2019,Jacob Hollister,SEA,TE,6.8,3.5,5.8,7.3,41,59,69.49,349,3,4.4,5.1,-0.7
2019,Steven Sims,WAS,WR,6.7,3.2,7.3,11.6,34,56,60.71,310,4,5,5.5,-0.5
2019,Hunter Renfrow,OAK,WR,6.7,3.5,6.6,14.79,49,71,69.01,605,4,6.8,4.9,1.9
2019,Chris Godwin,TB,WR,6.6,2.8,10.4,19.69,86,121,71.07,1333,9,7.1,4.8,2.2
2019,Alex Erickson,CIN,WR,6.6,2.7,8.8,14.41,43,78,55.13,529,0,5.6,4.3,1.3
2019,Trey Quinn,WAS,WR,6.6,2.6,7.1,9.41,26,47,55.32,198,1,2.5,3.2,-0.7
2019,Bisi Johnson,MIN,WR,6.5,2.5,10.6,14.07,31,45,68.89,294,3,2,2.5,-0.5
2019,Marvin Jones,DET,WR,6.5,2.1,13.2,22.55,62,91,68.13,779,9,2.2,2.9,-0.7
2019,D.J. Chark,JAX,WR,6.5,2.8,11.9,33.13,73,118,61.86,1008,8,4.4,4.4,0
2019,Jarius Wright,CAR,WR,6.5,3,10.6,12.33,28,58,48.28,296,0,3.4,4.2,-0.8
2019,Allen Lazard,GB,WR,6.4,2.9,13.8,14.97,35,52,67.31,477,3,4.1,4.9,-0.7
2019,Marquise Brown,BAL,WR,6.4,3,10.9,21.04,46,71,64.79,584,7,5.4,5.1,0.3
2019,Adam Thielen,MIN,WR,6.4,3,12.7,17.98,30,48,62.5,418,6,4.2,4.5,-0.3
2019,Kelvin Harmon,WAS,WR,6.4,2.4,11.4,14.09,30,44,68.18,365,0,3.4,4.2,-0.7
2019,Allen Hurns,MIA,WR,6.3,3,11,9.71,32,47,68.09,416,2,3.5,4.2,-0.7
2019,Cooper Kupp,LAR,WR,6.3,3.4,7.2,20.37,94,134,70.15,1161,10,6,4.8,1.1
2019,Danny Amendola,DET,WR,6.3,3,8.9,16.2,62,97,63.92,678,1,3.6,4.1,-0.5
2019,Tyler Lockett,SEA,WR,6.3,3.2,12.8,30.09,82,110,74.55,1057,8,4,4.4,-0.5
2019,Josh Reynolds,LAR,WR,6.3,2.7,11.3,10.18,21,43,48.84,326,1,6.9,5.4,1.5
2019,Kenny Stills,HOU,WR,6.2,2.7,10.7,13.09,40,55,72.73,561,4,3.7,4.9,-1.2
2019,Randall Cobb,DAL,WR,6.2,3,9.5,14.83,55,83,66.27,828,3,6.2,5.6,0.6
2019,Nick Boyle,BAL,TE,6.2,3.6,5.9,6.9,31,43,72.09,321,2,5.2,5.1,0.1
2019,Dede Westbrook,JAX,WR,6.2,3.2,7,16.6,66,101,65.35,660,3,4.9,6.1,-1.2
2019,James Washington,PIT,WR,6.2,2.5,15.6,33.03,44,80,55,735,3,4.8,4.7,0.1
2019,Brandin Cooks,LAR,WR,6.2,3.1,13.8,20.97,42,72,58.33,583,2,4.1,5.1,-1
2019,Larry Fitzgerald,ARI,WR,6.2,3,7.5,21.62,75,109,68.81,804,4,5.1,5.1,0
2019,Cole Beasley,BUF,WR,6.1,3.2,7.6,17.92,67,106,63.21,778,6,5.3,5.2,0.1
2019,Diontae Johnson,PIT,WR,6.1,3.6,9,21.87,59,92,64.13,680,5,5.1,5.2,-0.1
2019,T.Y. Hilton,IND,WR,6.1,3,10.2,17.61,45,68,66.18,501,5,4.8,5,-0.2
2019,Jamison Crowder,NYJ,WR,6,3,7.9,24.13,78,122,63.93,833,6,4.7,4.7,0
2019,Christian Kirk,ARI,WR,6,3.5,9.5,27.13,68,108,62.96,709,3,4.4,4.4,0
2019,Mark Andrews,BAL,TE,6,3,10.8,28.65,63,97,64.95,854,10,4.9,4.2,0.7
2019,Tyler Higbee,LAR,TE,6,3.7,6.5,12.12,69,89,77.53,734,3,6.1,6,0.1
2019,Taylor Gabriel,CHI,WR,6,3.1,11.5,12.73,29,48,60.42,353,4,2.9,4,-1.1
2019,Kendrick Bourne,SF,WR,5.9,2.9,8.7,12.54,30,44,68.18,358,5,4.1,3,1.1
2019,Breshad Perriman,TB,WR,5.9,2.6,16.1,17.44,36,69,52.17,645,6,4.2,6.2,-2
2019,Nelson Agholor,PHI,WR,5.9,3.4,10.8,15.63,39,69,56.52,363,3,3.9,4.6,-0.7
2019,Zach Ertz,PHI,TE,5.9,2.7,8.7,24.58,88,135,65.19,916,6,3.2,3.8,-0.6
2019,Evan Engram,NYG,TE,5.9,3.1,6,8.54,44,68,64.71,467,3,6,5.3,0.6
2019,Zay Jones,OAK,WR,5.9,3,11.2,15.95,27,45,60,216,0,2.9,3.3,-0.5
2019,Tyreek Hill,KC,WR,5.9,3.2,12.6,23.86,58,89,65.17,860,7,4.9,4.2,0.6
2019,Jonnu Smith,TEN,TE,5.9,3.7,4.8,5.62,35,44,79.55,439,3,8.4,5.5,2.9
2019,Russell Gage,ATL,WR,5.8,3.2,7.1,9.73,49,74,66.22,446,1,3.5,4.2,-0.7
2019,T.J. Hockenson,DET,TE,5.8,2.3,8,8.85,32,59,54.24,367,2,6.4,6.1,0.3
2019,Demaryius Thomas,NYJ,WR,5.8,2.5,9.9,14.32,36,58,62.07,433,1,5.1,4.2,0.9
2019,Curtis Samuel,CAR,WR,5.8,2.6,14.5,30.58,54,105,51.43,627,6,2.9,3.4,-0.5
2019,Auden Tate,CIN,WR,5.8,2.3,11.7,19.67,40,80,50,575,1,4,3.3,0.7
2019,Mike Gesicki,MIA,TE,5.8,2.6,10.4,17.34,51,89,57.3,570,5,3.9,3.4,0.5
2019,John Ross,CIN,WR,5.8,2.9,14.9,17.56,28,56,50,506,3,7.4,4.9,2.6
2019,Jordan Akins,HOU,TE,5.8,3.4,7.2,8.81,36,55,65.45,418,2,7.1,4.7,2.3
2019,Deebo Samuel,SF,WR,5.8,3.2,7.8,20.83,57,81,70.37,802,3,8.5,6.9,1.6
2019,Eric Ebron,IND,TE,5.8,3.2,9.4,12.38,31,52,59.62,375,3,5.4,4.6,0.8
2019,Golden Tate,NYG,WR,5.7,2.2,9.5,16.95,49,85,57.65,670,6,6.1,3.8,2.3
2019,Damiere Byrd,ARI,WR,5.7,3.2,9.7,11.84,32,46,69.57,359,1,4.9,5.5,-0.6
2019,Zach Pascal,IND,WR,5.7,2.8,11.5,21.12,41,72,56.94,607,5,5.9,4.9,1
2019,Anthony Miller,CHI,WR,5.7,3.1,10.3,20.19,52,85,61.18,656,2,4.4,5.2,-0.8
2019,Sterling Shepard,NYG,WR,5.7,3.1,9.9,17.27,57,83,68.67,576,3,3.3,4.7,-1.4
2019,Marquez Valdes-Scantling,GB,WR,5.7,2.6,16.6,19.46,26,56,46.43,452,2,5.9,5,0.9
2019,Austin Hooper,ATL,TE,5.7,3.5,6.8,12.31,75,97,77.32,787,6,4.5,4.8,-0.3
2019,Julian Edelman,NE,WR,5.7,2.8,9.2,31.74,100,153,65.36,1117,6,3.5,4.4,-0.9
2019,Geronimo Allison,GB,WR,5.7,3.3,8.1,9.34,34,55,61.82,287,2,3.7,5,-1.3
2019,Jason Witten,DAL,TE,5.7,3.3,6.5,10.05,63,83,75.9,529,4,2.8,3.7,-0.9
2019,Jarvis Landry,CLE,WR,5.7,2.6,9.8,29.93,83,138,60.14,1174,6,5.5,4.4,1.1
2019,Kyle Rudolph,MIN,TE,5.6,3.4,7.1,10.02,39,48,81.25,367,6,5.2,5,0.2
2019,Dallas Goedert,PHI,TE,5.6,3,5.8,10.47,58,86,67.44,607,5,6.2,6.2,0.1
2019,Davante Adams,GB,WR,5.6,3.2,10,26.56,83,127,65.35,997,5,5,5.1,-0.1
2019,Jimmy Graham,GB,TE,5.6,3.9,9.2,11.56,38,60,63.33,447,3,6.8,6.2,0.7
2019,Michael Gallup,DAL,WR,5.6,2.2,12.6,26.7,66,113,58.41,1107,6,5.4,3.6,1.7
2019,Julio Jones,ATL,WR,5.6,2.2,12.3,35.92,99,157,63.06,1394,6,3.7,3.1,0.6
2019,Will Fuller,HOU,WR,5.5,3,14,22.2,49,71,69.01,670,3,4.8,5.3,-0.4
2019,Willie Snead,BAL,WR,5.5,3,8.5,10.71,31,46,67.39,339,5,4.7,2.7,2.1
2019,Odell Beckham,CLE,WR,5.5,2.6,13.3,39.01,74,133,55.64,1035,4,4.6,3.8,0.8
2019,Adam Humphries,TEN,WR,5.5,2.9,7.2,8.93,37,47,78.72,374,2,3.5,4.6,-1.2
2019,Hunter Henry,LAC,TE,5.5,2.6,10.2,15.78,55,76,72.37,652,5,3.3,4,-0.7
2019,Noah Fant,DEN,TE,5.5,2.7,7.8,15.18,40,66,60.61,562,3,8.5,6.2,2.3
2019,Tyler Boyd,CIN,WR,5.5,2.6,9.2,28.46,90,148,60.81,1046,5,4.2,4.6,-0.4
2019,Josh Gordon,SEA,WR,5.4,2.4,11.4,12.09,27,47,57.45,426,1,6,6.3,-0.3
2019,Cameron Brate,TB,TE,5.4,2.6,7.2,6.18,36,55,65.45,311,4,2.8,3.1,-0.4
2019,Amari Cooper,DAL,WR,5.4,2.6,12.8,28.66,79,119,66.39,1189,8,3.3,3.8,-0.5
2019,Jack Doyle,IND,TE,5.4,3.5,7.1,13.02,43,72,59.72,448,4,5.4,5.2,0.2
2019,Keenan Allen,LAC,WR,5.4,2.7,10,30.38,104,149,69.8,1199,6,3.7,4.1,-0.4
2019,Travis Kelce,KC,TE,5.4,3.1,9.3,26.99,97,136,71.32,1229,5,4.5,4.3,0.2
2019,Tyler Eifert,CIN,TE,5.4,2.4,8.4,11.16,43,63,68.25,436,3,2.9,3.2,-0.3
2019,Darren Waller,OAK,TE,5.4,3.1,7.2,26.69,90,117,76.92,1145,3,6.9,5.6,1.3
2019,Demarcus Robinson,KC,WR,5.4,3.1,13.4,15.66,32,55,58.18,449,4,3.4,3.9,-0.5
2019,Sammy Watkins,KC,WR,5.3,2.9,9.6,18.51,52,90,57.78,673,3,5.9,5.6,0.3
2019,Mike Evans,TB,WR,5.3,2.4,15.3,28.34,67,118,56.78,1157,8,4.3,3.8,0.5
2019,Phillip Dorsett,NE,WR,5.3,2.9,13.9,16.96,29,54,53.7,397,5,3.2,3.8,-0.6
2019,DaeSean Hamilton,DEN,WR,5.3,3.3,8.6,13.06,28,52,53.85,297,1,4.6,5.1,-0.5
2019,Kenny Golladay,DET,WR,5.3,1.9,15.4,33.67,65,116,56.03,1190,11,4.9,4.3,0.6
2019,D.J. Moore,CAR,WR,5.3,2.6,11.1,30.19,87,135,64.44,1175,4,4.8,3.9,0.9
2019,Mike Williams,LAC,WR,5.2,2,17.4,31.76,49,90,54.44,1001,2,4.8,4.9,-0.1
2019,Terry McLaurin,WAS,WR,5.2,2.1,14.1,37.09,58,93,62.37,919,7,3.9,3.2,0.7
2019,Irv Smith,MIN,TE,5.2,3,5.8,7.81,35,46,76.09,290,2,4,5.1,-1.1
2019,Greg Olsen,CAR,TE,5.2,2.8,8.8,14.42,52,82,63.41,597,2,4.4,4.8,-0.4
2019,Vance McDonald,PIT,TE,5.2,3.8,4.6,6.75,38,55,69.09,273,3,4.7,4.2,0.5
2019,Mohamed Sanu,NE,WR,5.2,3.1,7.6,15.2,59,89,66.29,520,2,3.3,4,-0.7
2019,Michael Thomas,NO,WR,5.2,2.6,8.1,41.34,149,185,80.54,1725,9,4.1,3.9,0.2
2019,George Kittle,SF,TE,5.2,3.3,5.7,20.19,85,107,79.44,1053,5,7.5,6.7,0.8
2019,Emmanuel Sanders,SF,WR,5.1,2.5,10.9,30.87,66,97,68.04,869,5,3.8,3.8,0
2019,Courtland Sutton,DEN,WR,5.1,2.5,11.8,42.93,72,124,58.06,1112,6,5.2,4.4,0.8
2019,Gerald Everett,LAR,TE,5.1,3,8.4,10.6,37,60,61.67,408,2,5,5.1,0
2019,Allen Robinson,CHI,WR,5.1,2.2,11.1,39.2,98,154,63.64,1147,7,3.1,4,-0.9
2019,Darren Fells,HOU,TE,5.1,2.9,5.5,5.84,34,48,70.83,341,7,5.3,4.9,0.5
2019,DeVante Parker,MIA,WR,5,2.1,13.8,33.11,72,128,56.25,1202,9,4.2,4.1,0.1
2019,O.J. Howard,TB,TE,5,2.5,9.4,7.84,34,53,64.15,459,1,5,4.7,0.3
2019,DeAndre Hopkins,HOU,WR,5,2.7,10.3,34.37,104,150,69.33,1165,7,3.9,4.4,-0.5
2019,Chris Conley,JAX,WR,5,2.3,14.3,30.35,47,90,52.22,775,5,5.4,3.8,1.6
2019,Tyrell Williams,OAK,WR,5,2.6,13.5,27.31,42,64,65.63,651,6,5,4.3,0.7
2019,A.J. Brown,TEN,WR,5,2.2,13.4,29.8,52,84,61.9,1051,8,8.8,3.9,4.9
2019,D.K. Metcalf,SEA,WR,4.9,2.5,13.4,28.51,58,100,58,900,7,5,4.5,0.6
2019,Jared Cook,NO,TE,4.9,2.3,10.9,19.39,43,65,66.15,705,9,6.1,3.5,2.6
2019,JuJu Smith-Schuster,PIT,WR,4.9,2.4,9.6,17.74,42,70,60,552,3,6,5,1
2019,Darius Slayton,NYG,WR,4.8,2.2,14.5,25.54,48,84,57.14,740,8,4,3.9,0
2019,Alshon Jeffery,PHI,WR,4.8,2.5,11.2,17.16,43,73,58.9,490,4,3.1,4.1,-1
2019,John Brown,BUF,WR,4.6,2.4,14.2,36.14,72,115,62.61,1060,6,3.1,3.4,-0.3
2019,Stefon Diggs,MIN,WR,4.6,2.5,14.9,41.27,63,94,67.02,1126,6,5.1,4.2,0.9
2019,Preston Williams,MIA,WR,4.5,2.1,14.3,16.17,32,60,53.33,428,3,2.4,2.8,-0.3
2019,Dawson Knox,BUF,TE,4.5,2.8,9.5,10.52,28,50,56,388,2,5.6,4,1.6
2019,Robby Anderson,NYJ,WR,4.3,2.2,15.3,36.73,52,96,54.17,779,5,3.8,4,-0.2